Supplier Name,Match Found,Sanctioned Org Name
AVO M,No,
AutoStanstans,No,
Brandstudio,No,
Petersburg Petersburg,No,
Lenpromgaz,No,
Vodokanal of St Petersburg,No,
AVS,No,
A24,No,
NTV PLUS,No,
Eco Test,No,
Aktion Press,No,
MegaFon,No,
FSUE Protection of Rosgvardia,No,
MIKON,No,
Intravizhn,No,
K2 Consult,No,
Garden Stones,No,
All Russian public,No,
Rostelecom,No,
OTIS LIFT,No,
Special Equipment,No,
VimpelCom,No,
OB,No,
Minimax,No,
Hadhantter,No,
Four Seasons,No,
Company AVENT,No,
LUKOIL INTER CARD,No,
EO ATSISTANCE CIS,No,
EKOMED,No,
ARS,No,
Ralmir Holding B V branch in,No,
TD Ekvaynet,No,
EVROTEKSPB,No,
Audateks,No,
Vinilmaster,No,
AGRAD,No,
MBI Saint Petersburg,No,
YOLLAEVA Olga Nikolaevna,No,
Freit Link,No,
Automotive Statistics,No,
Modern technologies of water produce,No,
Migakon,No,
METRO Cash Kerry,No,
ROLLO,No,
SERVISAKSP,No,
Intrinstruments ru,No,
Multi Motors Group,No,
FSUE Post of Russia,No,
Ollie Information,No,
Region Trade,No,
Eden Springs,No,
RegionProekt,No,
East Service Special Complex,No,
FSUE RSVO St Petersburg,No,
ADVERVIZER GROUP MILITARS,No,
PC Alta,No,
Megaline Express,No,
MK Service,No,
Audit Company Korsakov,No,
time,No,
Lyksklin,No,
S MedExpress,No,
Trial Market,No,
TS MEDIA,No,
EKODAR M,No,
Kombinat,No,
Faer,No,
Magistral North,No,
SOLAR ELS SPB,No,
Ip Duda Ivan Pavlovich,No,
Airlines UTair,No,
Company Brown Lizard,No,
Naudit and,No,
Concentrant Express,No,
MGTS,No,
MONOLITLBROKSTROY,No,
AVTOSS,No,
Ltd Trading House MK Slicle,No,
AUTOST,No,
Avers,No,
VENTELEKTRO,No,
N TLOLIY ELENA VITALYLENNA,No,
Balashikhinskaya Tower,No,
FGBU FNC Gardening,No,
Interfax,No,
Marigard,No,
MVS Service,No,
MD,No,
Mosovodok,No,
Mosenergosbyt,No,
Nestle Russia,No,
NOTARY OF MOSCOW ALEKSEEV Sergey,No,
Oscar KSB,No,
Regional Network,No,
SOREL INVEST PLYUS,No,
Spline Center,No,
Antal Rasha,No,
NetKubub,No,
VERTRS,No,
Sireem Sensor,No,
Translog,No,
Promo Diedzhl,No,
BEST LOGISTIK SERVICE,No,
MGPD Devstance 6,No,
DHL Express,No,
Hotel complex Astoria,No,
IMPRESS MEDIA,No,
LIRA,No,
FSUE Security of the Federal Service for Troops,No,
Centurion,No,
Auto Magazine of Combinary Waters,No,
ILSA,No,
Sherp Autodiagnostik,No,
Floring,No,
Quantk Network Technologies,No,
SIBUR PETROCON,No,
VLEAT,No,
Repacklik,No,
AVS LOGISTIC,No,
Orlov Roman Nikolaevich,No,
Avto Service,No,
PM LOGISTIKS,No,
En Way Kay Auto Logistics,No,
Stone Materials,No,
Project Zebra,No,
Branch 11 Gorenergosbyt MOEK,No,
Atlant,No,
Industrial and Trading,No,
UK Sag,No,
Directorate,No,
Agency Clothing for work,No,
Deloit and Tsush CIS,No,
Project Installation,No,
Firm Ecology Plus,No,
AL YANSSTROY,No,
NET BAY NET HOLDING,No,
Media Solutions,No,
Sisies Auto Transport Plus,No,
MUP BCS,No,
Gazprom Mezhregiongaz,No,
Infosystem,No,
Unified Electronic Trading,No,
Shtantaev Imanali Magomedovich,No,
ASG Records Management,No,
Relayter,No,
Comprehensive Solutions,No,
Kolkiper Ru,No,
EYCHPI,No,
ILSA RU,No,
Arm Service,No,
ANO DPO Training Center Maeb,No,
Dublgis,No,
Veshova,No,
Mironov Innokentiy Aleksandrovich,No,
MUP Vidnovskoe PTO GC,No,
Law Company Clover,No,
ATS Kiev,No,
EMGIKOM,No,
IMATA,No,
Marinych N N,No,
GETRESPONS RUS,No,
RAPPORTO,No,
FLATEK,No,
Multi Food,No,
Salavei,No,
Seo Intellect,No,
Grand,No,
All Russian public organ,No,
4 pixel,No,
Baer Maksposter,No,
Mindboks,No,
Bastion Techno,No,
Uninterruptible Organization,No,
Tompro,No,
SK INTER,No,
Edible shop of Efimov,No,
Mobile Videos,No,
RTL,No,
GETTACTION RUS,No,
SEFCO,No,
Yandex Taxi,No,
WINNER PARTNERS,No,
KASTOM KARS,No,
Green Service Artflora,No,
UK ATSOLIN TRANSLYT,No,
SERVISSUKUK business,No,
United Logistics,No,
Nevamotors,No,
North West,No,
Favorit Motors f,No,
Fedorovich Danil Igorevich,No,
Comfort,No,
Introd,No,
KOMUS,No,
Atri,No,
Company UNITY,No,
advertising group Loki Center,No,
CREDITIT,No,
Lindstrem,No,
Belov International Group,No,
key,No,
Agency of Business Results,No,
FAYS TU FASE,No,
AST BROKER,No,
Art Megapolis,No,
Certification Center,No,
Ivanova Tatiana Dmitrievna,No,
TTS AUTO,No,
DNA Media Digital,No,
MKZNAK,No,
Er Telecom Holding,No,
Anchor,No,
SERVISLAB PROJECT,No,
Hotel Monarch Center,No,
GALS PROGRESS,No,
Demichev V V,No,
Atol,No,
Engineering Systems,No,
Viptekhnika Service,No,
GLOVEDIA,No,
MANKI,No,
Chop Battalion,No,
CS Personnel Consulting,No,
Chop Arma,No,
College of lawyers Titarenko,No,
Web Granieishn Group,No,
Ernst Young Evaluation,No,
Open Computer,No,
STD Petrovich,No,
Studio Art,No,
SK Fort,No,
Security Organization,No,
TranstehService,No,
Honey Plus,No,
SK STROYSERVIS,No,
LVN Management,No,
Floretek,No,
Tekhno y,No,
General Construction,No,
TSN HOA Kotelnichesky 31,No,
ATI NET SYSTEMS,No,
hedgehog,No,
Environmental Sorting,No,
TD Alta,No,
Lightnet Complex,No,
Chop Levies,No,
BDO Unicon Business Service,No,
Ronova Region Service,No,
DATLINE,No,
Finmarket,No,
TopAvto,No,
HEPPI FRRAD,No,
201abs,No,
UFK in St Petersburg OIO,No,
Management Moshodosbyt branch,No,
Grace Tour,No,
Leroa Merlen East,No,
Wururt Rus,No,
NKO Inkyran,No,
CH Caesar Securiti,No,
Moiseev Alexander Evgenievich,No,
Alagard,No,
Management Technologies,No,
MODADIZAIN,No,
Merry Water Vozozoz,No,
Evpenet OEM,No,
Ooo Company Tensor,No,
SMK Athena,No,
Automotive Group,No,
Krasovsky Dmitry Ivanovich,No,
Foundation of rational nature,No,
SOROR INVEST,No,
EnergoForm Heat Systems,No,
SOLAR ELS,No,
DHL International,No,
College of lawyers of the republic,No,
SSP Consult,No,
College of lawyers Center Oroland,No,
Capital Ligal Serviceaz,No,
Kupriyanov I G,No,
Petrovich Dmitry Eduardovich,No,
Law Company EL 1,No,
Troika Ligal,No,
BRUMA SERVICE,No,
Branch number 6 Moka,No,
Artiks,No,
Batrukov Alexander Lvovich,No,
MM Color Center,No,
TRAN GAMMA,No,
Wuurt North West,No,
DV Avto,No,
EKVINET NORD,No,
Kolkleper,No,
Autoprogress M,No,
Home Interior,No,
Aylav Digital,No,
Meritek SPb,No,
Ltd Northklecet,No,
Night Odpo Profcentzer,No,
Shakin Vladimir Anatolyevich,No,
AST GOZ,No,
Consul Motors,No,
Ignatenkov Veronika Yuryevna,No,
UFK in the city ofPB ovo in Moscow Pral,No,
Gazmontizhiniring,No,
ZSM PROGRESS,No,
Yar0 Rent,No,
Nevsky Atlant,No,
Intergolor,No,
Akva Star Service,No,
Barinov Vasily Aleksandrovich,No,
Klimat Prof,No,
Mud Media Rasha,No,
Petersburg Sales,No,
Highly Ilya Sergeevich,No,
SP carriers Pavel Igorevich,No,
AV PATTS,No,
Merida Plus,No,
Recast Auto,No,
Aroma XXI,No,
Terra Assistans,No,
MSA,No,
Aquabalt,No,
Company SIMPL,No,
Bubborg,No,
SKY NORD,No,
Energia,No,
Zetzz,No,
Company AROMOM INNESHNL,No,
Sports,No,
CH FORSAD,No,
Rakurs,No,
Klintime,No,
SPETSMONTAZH SM,No,
Horton International,No,
EIC AR ES GROUP,No,
MENPAUERGRUP,No,
AERRD,No,
Center,No,
KARANDERVIS,No,
Brand Smile,No,
formax,No,
SYSTEMS AND TECHNOLOGIES,No,
Company,No,
Road Association,No,
Lev Jan Aronovich,No,
epico Olga Eduardovna,No,
Chemhwine Denis Yakovlevich,No,
Insurance Technologies,No,
Smart Accounting,No,
ANGARA ATSTANS,No,
Scartel,No,
MTS,No,
Svyaz Holding,No,
Rosokhran Telecom,No,
Infotele,No,
Post Russia,No,
Sign of Difference,No,
K2 Automotive Claud,No,
PEPELEV GROUP,No,
MOEK,No,
DPK SPb,No,
Express Auto West,No,
MS Auto,No,
Vector,No,
Almetor Finland,No,
Nordavtoservis,No,
Consulting Plus,No,
PF SKB contour,No,
Laboratory of Smart Driving,No,
Absolute,No,
Sky Auto,No,
ANO Independent Expertise Center,No,
Caesar Satellite Systems,No,
Volya Tolly Express,No,
Alfred,No,
Course Vdpo,No,
Ma Studio,No,
Optic,No,
TsPM,No,
Absolute Insurance,No,
All Russian public organiser,No,
Delta Mekong,No,
Master Lunch,No,
Teksk,No,
VENTRU,No,
Potapov Nikita Olegovich,No,
Arm EcoGroup,No,
Art Atlas,No,
SERPA SERVICE,No,
Varanger,No,
autotelel,No,
Electronic Passport,No,
ALFA CAP,No,
Ladyzhensky Cyril Izmailovich,No,
Level,No,
Prima Service,No,
Malarchuk Vitaly Vladimirovich,No,
VE,No,
Dar,No,
MS Bank Rus,No,
Ay Pro,No,
Viza Eichar Consulting,No,
SIZ SERVICE,No,
UFK in the Moscow region,No,
UFK in Moscow Department,No,
EMEKS RU,No,
ELT search,No,
Ltd Fort,No,
Service Plus,No,
Orange Date,No,
RSM Auto,No,
Profiotel,No,
Chop Befiz,No,
Intradees,No,
GETMOLIDS,No,
Ten Vladimir Aleksandrovich,No,
Izmailovo Premium,No,
ELKOM,No,
SERVIS TRADE,No,
EKODAR SPB,No,
Ay Pi Em Group,No,
Realdent,No,
Hajiyev Elbrus Shamarddan oglu,No,
DS LOGISTIC,No,
North West Regional,No,
NP GROUP,No,
AMT reviews salary,No,
CenterSEVERGAZ,No,
VAGER PREMIUM,No,
AL SERVIS,No,
VIS,No,
DUKATOR,No,
Leggur,No,
Avtoexpert Inform,No,
Vasilyeva Ekaterina Vladimirovna,No,
Union Resurrection Trade and Industry,No,
Pizetsky Pizetsky Vladimir Konstantinovich,No,
OMKTS,No,
A Egensy,No,
International Design Bureau,No,
Elizarov Evgeny Anatolyevich,No,
Marina Irina Sergeevna,No,
Evrotek SPb,No,
ROSA 1,No,
Independent Expertise and Oce Center,No,
BRANCH AVTOLIGA SOUG,No,
Security Business,No,
Treidins ru,No,
Studio Plus,No,
EKOM,No,
Bystrov Tatyana Alekseevna,No,
Matveev Sergey Sergeevich,No,
Polyansky Alexey Alexandrovich,No,
SMK Ferdinand,No,
Lenavtotekhnika,No,
SEB,No,
PFM Accent,No,
NPK Kronos Inform,No,
Mobi Complex,No,
Hekek,No,
NPK FPB,No,
GK GEOPLA,No,
I ES SI,No,
Interlaken Rus,No,
PPS,No,
ECC Independence,No,
Live Site,No,
Notary of the notarial district of St,No,
Rosenergo,No,
Security Enterprise Codas,No,
Volkswagen Group Rus,No,
Trading House Master Skud,No,
New Cable Networks,No,
DTS Altufievo,No,
Planap,No,
Meshchersky Igor Gennadevich,No,
Slobodyan Roman,No,
Lemdyaev Bogdan Andreevich,No,
LT Center,No,
Kryuchkova Maria Alekseevna,No,
Mednov Sergey Nikolaevich,No,
Energy Repair,No,
Eco Service Line,No,
Energok,No,
Expert,No,
Romashin Vasily Aleksandrovich,No,
Sprut,No,
ZChP 1,No,
Jedip Auto,No,
MEDEXPRESS SERVICE,No,
Egorova Daria Vladimirovna,No,
AVTO EM,No,
UK Glavkoptorg,No,
Audi Center Warszavka,No,
Hurmann Russia,No,
PNP SIGNUR,No,
TD Rival North West,No,
PEK,No,
Ultraplastik,No,
KEKH ECOMMETS,No,
Bolnov Sergey Sergeevich,No,
AVTEKSPERT,No,
Lubricovka Technologies,No,
K S Buro,No,
Alef Trade,No,
Loki Digital,No,
EYCH AR SALYUSHNZ,No,
FIRM OSSAR MOSCOW BANK,No,
Separate division,No,
Eco Analytical Firm,No,
Ellogistik,No,
GEN STAR,No,
INVEST STANKO,No,
TTS Tultehnik Systems,No,
Kolliers International,No,
STROYGRUP,No,
Halllow WORD,No,
Media Boutique,No,
Irkut BKT,No,
EKONFON,No,
Amtel,No,
SK Palarm,No,
Automatic Doors Tormax,No,
Khachaturian Anastasia Pavlovna,No,
Orenburg Auto Center,No,
Pavlov A A,No,
Confectionery Production,No,
Rus Motors Trade,No,
Elovenko Stepan Sergeevich,No,
ECOLODZHIS,No,
Garant Contract,No,
Tulprof,No,
Alarm Motors,No,
FGBU Central UGMS,No,
LINK,No,
GK Technologies Auto Service,No,
Churaneov Alexander Sergeevich,No,
Zakharenkova Olga,No,
CHOLDPROMSERVIS,No,
Savelyev Ivan Alekseevich,No,
Terentyev Ivan Vladimirovich,No,
Print Mail,No,
Store 01,No,
Galaeva Anastasia Aleksandrovna,No,
INTEKHKOM,No,
Veles,No,
Synthesoyl,No,
SAYTGALIN Rustam Zagidulovich,No,
ROLING ROLLS,No,
K S Avto,No,
Kolpakprof,No,
three d plus,No,
MON,No,
Dallak,No,
TENTENT RU,No,
AXEL MOTORS,No,
VIIONT,No,
UFK in Moscow l sch 20736x02520,No,
Bibi,No,
Group of Companies,No,
Rotov Vladimir Sergeevich,No,
APRIORI EXPERT,No,
BUSINESS NALOGI RODOVO,No,
EOPSI Consulting,No,
Avtokapital North West,No,
SPK,No,
PGS Service Logistics,No,
Academy of Libra,No,
SBSB Klychavto Az Stakeholder,No,
Kirillov Pavel Nikolaevich,No,
Atlanta,No,
Laksery Projects,No,
Automotive dealer Services Rus,No,
AGENCY YUPI,No,
Kovaks,No,
CROU RUSAUDIT,No,
MM Color,No,
CSA status certificant,No,
net company North West,No,
Karkavtsev Artem Olegovich,No,
Grechin Alexey Vladimirovich,No,
Sprint MSK,No,
Service Market,No,
DKK Rus,No,
Reliable Systems,No,
Hotel Company Center,No,
Dymin Leonid Markovich,No,
Coloric Group,No,
Kulkov Alexey Gennadevich,No,
II,No,
Operator CRPT,No,
AVS TECHNOLOGI,No,
SERVISAYANS L,No,
KEMILYLES GROUP,No,
Sign Auto,No,
Individual entrepreneur,No,
Pit Stop Service,No,
IKEA House,No,
I7,No,
Delicious Lunch,No,
Auto Help,No,
Rosseti Lenenergo,No,
Center Distribution,No,
Vinogradova Elena Alekseevna,No,
Kornilov D S,No,
ECS Motor Transport,No,
Rubwinil,No,
Original Systems SPb,No,
Avtotrade Krasnodar,No,
Elegeny Dmitry Leonidovich,No,
Tymoshenkov Alexey Konstan,No,
Ligal Insight,No,
KULINARION MSK,No,
warehouse ru,No,
INTELINFO,No,
Harutyunov A R,No,
Seven hundred,No,
Group Finance,No,
Refka,No,
Centreksim,No,
Volosospess,No,
JORNI,No,
Caveryon Rus,No,
SMU 321,No,
IBS Platifix,No,
MASSOMVET,No,
Bulgakov Mikhail Gennadevich,No,
Eurosibe Service Center,No,
Ass Petersburg Petsurbazhimspas,No,
VERALUCH,No,
COLD GROUP,No,
UFK in Moscow Madi,No,
Ruskofe,No,
Inketcom,No,
Vikan Yaroslavl,No,
Ayvords,No,
Society with,No,
Pavlyuchenko Oleg Iosifovich,No,
Agency Candy Event,No,
ECHO stamp,No,
Rem n,No,
NTK O mega,No,
Advertising agency Zen Media,No,
TTS SERVICE,No,
Company SIMPL SPB,No,
Association Non commercial,No,
Yakovlev S A,No,
Arm Motorsport,No,
Krikunov and business partners,No,
RUST,No,
Project Bureau Gradography,No,
ANO DPO UNITAL M,No,
ENERGOACTIVE,No,
NPP Ecotrom,No,
Laboratory Technologies,No,
Office for office,No,
SKOMEIR,No,
Alta ru,No,
Alta Soft,No,
MTR Design,No,
Consul,No,
ATOS AYTI Solyuzens Ser,No,
UFK in Moscow Rosreez Management,No,
suphen Oleg Anatolyevich,No,
Russian fire,No,
Neotaip,No,
Karlink,No,
OLD Skull Avto Group,No,
PRESINFORM,No,
Rosseti Moscow region,No,
Business lines,No,
Spectrum Electro Service,No,
Maximum Primorsky,No,
Law ru,No,
Notary Zdvizhkova Ekaterina,No,
Ivi Time,No,
AST INTERNESHNL INVAERRMENT,No,
ANO Moscow Regional Center,No,
Immortal Ivan Georgievich,No,
Keramika,No,
Pestitors net,No,
EPOPSI TEKNOLODZHIS,No,
SOLYUSHNZLAB,No,
PTK Mir,No,
TSIL ABEGG,No,
Buromebell Rus,No,
SoyuzSpecialDezda,No,
Sweet Gifts,No,
ANO Interregional Center,No,
Charitable Assistance Fund,No,
Richmedia,No,
Velman,No,
STROY IMPULS,No,
Fire Safety,No,
Instamart Service,No,
SHAFRAN,No,
TechProekt,No,
Aville Group,No,
Krasnoselskoye branch of St Petersburg,No,
KB Sparta,No,
TK IASMET,No,
PremiumAvto NN,No,
Technical Center of DVS,No,
Melanin,No,
AVANGARD,No,
Stopits,No,
Kuznetsova Kristina,No,
Multiform,No,
Malshakov Alexander Sergeevich,No,
Spring Trade,No,
Branch AC East Audi,No,
Moscow Cable Roads,No,
km set,No,
NK Mashinari,No,
Chebotarev D L,No,
Nashevich Alexander Alexandrovich,No,
Pegas,No,
Kurzenev Dmitry Aleksandrovich,No,
All for car washes,No,
TBIS EM,No,
Omega Tul,No,
Center for Economic Development,No,
B Systems,No,
NewLight,No,
KORONA,No,
Kommersant Kartihka,No,
Elitavto Siberia,No,
RusMont M,No,
A S D Consulting,No,
RDV Soft,No,
ROLF BRANCH,No,
Prijekhetsentr 01,No,
Moscow windows,No,
BRANCH AVTOLIGA CENTER,No,
AVTOSTAPEL,No,
Kruglov Maxim Nikolaevich,No,
BYURO Exam,No,
Mrtsok Technoprogress,No,
MANGO Telecom,No,
Chiller Service,No,
Golovchenko Andrey Nikolaevich,No,
Nagai Sergey Gennadevich,No,
EUROAVTOUNIERSAL,No,
Hotel Arctic,No,
ELEK,No,
Burstein Vladimir Aleksandrovich,No,
So,No,
Sitilink,No,
Automotive,No,
Premier,No,
ANO T,No,
Leon Lab,No,
Company SAPIENTA GROUP,No,
TEAD SOLYUCHENS,No,
White Kirill Leonidovich,No,
MEYSTARSRUS,No,
Kraveyt,No,
Kuznetsov Evgeny Yuryevich,No,
UFK in Moscow ninth arbitration,No,
KOLTACH SOLUSHNS,No,
Telemir,No,
AEG,No,
TK Vostok West,No,
Peter Service SpecTechnologies,No,
Firsova Svetlana Fedorovna,No,
Ooo Flem,No,
Softline Trade,No,
Machugovskaya Maria Anatolyevna,No,
ANO DPO Academy of Libra,No,
CYEBER ICONTROL,No,
Interton,No,
Dialogue Management Partners,No,
Votek Rus,No,
Khinkali dancevali,No,
UF Dogma,No,
Avtopassazha Premium,No,
KPMG,No,
SEVEN,No,
INERVORKINGS RUS,No,
Primula,No,
ANO DPO Institute of Rasp,No,
Kozlova Tamara Alekseevna,No,
Tsina Svetlana Nikolaevna,No,
ECOLEGES,No,
Efremov Valery Valerievich,No,
Laboratory Automation Biz,No,
Tuba,No,
SAZYA,No,
Garazhtuls Center,No,
Alma,No,
Company AUTO PLUS NOR,No,
ASTO,No,
Kuznetsova Alevtina Ivanovna,No,
Guard,No,
HIMTRADE,No,
FlexFit Rus,No,
ANO SINEA,No,
Sparkling Spring,No,
New Technologies,No,
UFK for MO Administration of Leninsky,No,
INTERIROBEST,No,
Balashikhinsky Vodokanal,No,
Gavrilov,No,
GALS PROFSVIS,No,
Evrotek Service,No,
Lotte Rus,No,
ADK 4D,No,
Ip Shishwatova Evgeny Viktorovna,No,
Andrianov Vyacheslav Aleksandrovich,No,
FIRM INEKS,No,
NF,No,
Store Film,No,
Savchenko Dmitry Gennadevich,No,
Promgaz,No,
BLE GROUP,No,
Mineev Maxim Borisovich,No,
Ltd Blyuzi Master,No,
Negadaev,No,
Russian Avtomotoklub,No,
Gruzdeva Veronika Mikhailovna,No,
GBUK G Moscow MDT them N V Gogol,No,
Zubanov Kirill Mikhailovich,No,
Volkov A M,No,
OMP Engineering,No,
Ltd Garant Creation,No,
Serov Alexander Nikolaevich,No,
KESA,No,
M2 MEDIA,No,
Vaterink,No,
AAA Favorit Motors,No,
Favorithof on Warsaw,No,
Glasstrejd,No,
ANO Center for judicial,No,
COLLTREKING,No,
INVESTGRUPP,No,
AI ES EM Systems,No,
ILIUM,No,
Ovan DPO Scajag,No,
Sulima Evgeny Vladimirovna,No,
Beak,No,
AVTUYUS URAL,No,
Intellectual Property Services,No,
Gray Mark Evgenievich,No,
Treviso,No,
Spectr,No,
TEKHNORESURS,No,
sphere car body,No,
UK Condos,No,
TSBR SERVIS,No,
Fedosova Lyudmila Sergeevna,No,
Standard,No,
ANO CSE GARANT,No,
Dyakonov Georgy,No,
Cardinal Studio,No,
Motorsport Promothen,No,
GDPR ODETA,No,
RUVAL,No,
ATK GRUPP,No,
EVILINE,No,
Pure Service,No,
ANCOR INDUSTRIAL SOLUTIONS,No,
Kholibri,No,
Syes,No,
Elevole Engineer,No,
Autobomsk,No,
Axiom Project,No,
SK Design Retail,No,
SK DESIGN LOGISTIKS,No,
chernobon Konstantin Vladimirovich,No,
AVTO TRADE SUG,No,
Neverova Tatyana Alekseevna,No,
Sanatorium Rodina,No,
South New Century,No,
Design Bureau Aksiom,No,
Ji Kom,No,
STREAM INZHINIRING,No,
Remedtal,No,
Ay Teko,No,
Maria Home,No,
Automaster,No,
Ivanov Alexander Sergeevich,No,
Sapphire,No,
Center for Legal Support,No,
Ananiev Ruslan Vladilevich,No,
Crocus International,No,
Softprom Innovation,No,
VIRITEKHNOLOGY,No,
Prana,No,
Berin Iglesias Holding,No,
Deos Group,No,
Carlson,No,
Martynova Yana Borisovna,No,
LONGLEYFAVTO,No,
Chateau Vain Market,No,
Karat Russ Media,No,
Tsarsky House,No,
IKEKL General,No,
Ochu Specialist ru,No,
Ochu Specialist,No,
Kochakov Filatov Victor Alexand,No,
Mokhov Alexey Vyacheslavovich,No,
UFK in Moscow RSU OIL AND GAS,No,
DATEKS SOFTVER,No,
MILL RU,No,
Asmersaev Sergey Igorevich,No,
Biko Regions,No,
Rolf branch Star Star,No,
Oleinik Valery Petrovna,No,
Turbomechanika,No,
AVTODIZEL,No,
Di Pi Ji,No,
Gurkin Vyacheslav Anatolyevich,No,
Lobanov Mikhail Glebovich,No,
Transport,No,
Sattors Sattors Svobirovich,No,
Alekseev Vitaly Sergeevich,No,
Samokhin Sergey Nikolaevich,No,
EYRBARTER,No,
FEDOSKINA DELETE,No,
Vlasenko Kirill Igorevich,No,
Loggik Stars,No,
NEZMEEVA Anna Fedorovna,No,
STROYTEKH,No,
TPK VEREND,No,
F Franceli,No,
FARTRON TRADE,No,
AHS,No,
AuroraAvto Belgorod,No,
OBIT,No,
Chow DPO 1C Education,No,
Security company AKS Gard NN,No,
Toropov Sergey Viktorovich,No,
satellite car,No,
Oddovnov Gleb Alexandrovich,No,
Anchor Consulting,No,
Global Realti,No,
ERMI,No,
Bryansk Regional College,No,
Company ARENA,No,
Timfoy,No,
SKS Treding,No,
TET,No,
MONOLIT ISTAYT,No,
DENERARAER,No,
STO Zhukova,No,
Hermes,No,
PARUS,No,
City22,No,
Veles Pris,No,
NPO Bavilon,No,
SBSB Klychavto British,No,
Pinky Yuri Yuryevich,No,
SZ RKS Bulanikovo,No,
Kachkovenko Anna Vladimirovna,No,
Alliance North Grupp,No,
Art Grupp,No,
FSUE Slavpid at the Russian Foreign Ministry,No,
Savinova Olga Nikolaevna,No,
Arno,No,
TFN,No,
calls Ilya Alekseevich,No,
Caesar Systems,No,
LR Techno Studio,No,
PRODVTEKT MANAGEMENT training,No,
Lexema,No,
Laboratory of Judicial,No,
Production,No,
Mechanization of Engineering,No,
EPAM SISEMZ,No,
Ooo Avalon,No,
Savelovsky OSP GUFSSP Russia in,No,
Company SERVICE LIFE,No,
Buy Salon,No,
Remko Concept,No,
SPEYSTEL,No,
Property Management Fund,No,
AMOS,No,
Interregional Transittelecom,No,
Spring Security Systems,No,
AVS DESIGN,No,
Deloit Consulting,No,
Atol online,No,
SK YUSP,No,
Maer Group,No,
Quality,No,
Zhilina I V,No,
Sabitov Dmitry Aleksandrovich,No,
TIS,No,
Vecture,No,
ANO Right case,No,
Makhlaid Ilya Aleksandrovich,No,
UFK in St Petersburg,No,
Test,No,
MK Project,No,
Klekov D B,No,
BIEM GROUP,No,
PRUFIKS,No,
Kvant Engineering,No,
ELITLYT,No,
Cinema Pioner,No,
Service 197,No,
chitiri Viola Aleksandrovna,No,
Dmitrovka,No,
Point Support Prometrosvetrosvet,No,
ALSTROY INZHINIRING,No,
BERX,No,
Garazhi,No,
BIG JACK,No,
Action Brothers,No,
Business Insight Media,No,
Expert Bureau Alliance,No,
